Function,Inputs,Outputs,Retry,RetryHandler,OnError,SubSubTest,Conditions,ReturnOnFail,Notes
Parameters,,Location_ID,,,,,,,
Tech/DUTCmd>sendCmdAndParse,"{subsubtestname=""Send-PMU_Select_CMD""}",,,,,,,,"sochot select abbey"
,"+{expect=""OK""}",,,,,,,,
,"+{dutPluginName=""Kis_dut""}",,,,,,,,
,"+{channelPluginName=""Kis_channelPlugin""}",,,,,,,,
,"+{Timeout=""30""}",,,,,,,,
,"+{Commands=""reg select abbey""}",,,,,,,,
,"+{record=""false""}",,,,,,,,
Tech/DUTCmd>sendCmdAndParse,"{subsubtestname=""Read-reg_state""}",,,,,,,,"read reg state"
,"+{expect=""OK""}",,,,,,,,
,"+{dutPluginName=""Kis_dut""}",,,,,,,,
,"+{channelPluginName=""Kis_channelPlugin""}",,,,,,,,
,"+{Timeout=""10""}",,,,,,,,
,"+{Commands=""reg read 0x1002""}",,,,,,,,
,"+{record=""false""}",,,,,,,,
Tech/DUTCmd>sendCmdAndParse,"{subsubtestname=""Disable-SOCHOT_reset""}",,,,,,,,'disable SOCHOT reset'
,"+{dutPluginName=""Kis_dut""}",,,,,,,,
,"+{channelPluginName=""Kis_channelPlugin""}",,,,,,,,
,"+{Timeout=""10""}",,,,,,,,
,"+{Commands=""device -k ThermalSensor -e sochot 1 off""}",,,,,,,,
,"+{record=""false""}",,,,,,,,
Tech/DUTCmd>sendCmdAndParse,"{subsubtestname=""Enable-SOCHOT_reset""}",,,,,,,,'enable SOCHOT reset when SOC temperature more 10oC'
,"+{dutPluginName=""Kis_dut""}",,,,,,,,
,"+{channelPluginName=""Kis_channelPlugin""}",,,,,,,,
,"+{delimiter=""[m]""}",,,,,,,,
,"+{expect=""Applying tunables""}",,,,,,,,
,"+{Timeout=""60""}",,,,,,,,
,"+{Commands=""device -k ThermalSensor -e sochot 1 on 10""}",,,,,,,,
,"+{record=""false""}",,,,,,,,
Tech/Common>detectKisUSBPort,"{subsubtestname=""Check-KIS_USB_Connected""}",,,,,,,,"check KIS USB connect or not"
,"+{Commands=""ls /dev/cu.kis*""}",,,,,,,,
,"+{Location_ID=Location_ID}",,,,,,,,
,"+{dutPluginName=""Kis_dut""}",,,,,,,,
,"+{Timeout=""30""}",,,,,,,,
,"+{record=""false""}",,,,,,,,
Tech/EnterEnv>enterEnv,"{subsubtestname=""Read-Iboot_State""}",,,,,,,,'catch key word to check if enter recoverymode'
,"+{dutPlugin=""Kis_dut""}",,,,,,,,
,"+{channelPlugin=""Kis_channelPlugin""}",,,,,,,,
,"+{Timeout=""60""}",,,,,,,,
,"+{Commands=""iboot""}",,,,,,,,
,"+{record=""true""}",,,,,,,,
Tech/EnterEnv>enterEnv,"{subsubtestname=""Send-Enter_Diag_CMD""}",,,,,,,,'capture the :-) characters'
,"+{dutPlugin=""Kis_dut""}",,,,,,,,
,"+{channelPlugin=""Kis_channelPlugin""}",,,,,,,,
,"+{Timeout=""60""}",,,,,,,,
,"+{Commands=""diags""}",,,,,,,,
,"+{record=""true""}",,,,,,,,
Tech/DUTCmd>sendCmdAndParse,"{subsubtestname=""Send-PMU_Select_CMD2""}",,,,,,,,'sochot select abbey'
,"+{expect=""OK""}",,,,,,,,
,"+{dutPluginName=""Kis_dut""}",,,,,,,,
,"+{channelPluginName=""Kis_channelPlugin""}",,,,,,,,
,"+{Timeout=""10""}",,,,,,,,
,"+{Commands=""reg select abbey""}",,,,,,,,
,"+{record=""false""}",,,,,,,,
Tech/DUTCmd>sendCmdAndParse,"{subsubtestname=""Read-reg_state2""}",,,,,,,,"read reg state"
,"+{expect=""OK""}",,,,,,,,
,"+{dutPluginName=""Kis_dut""}",,,,,,,,
,"+{channelPluginName=""Kis_channelPlugin""}",,,,,,,,
,"+{Timeout=""10""}",,,,,,,,
,"+{Commands=""reg read 0x1002""}",,,,,,,,
,"+{record=""false""}",,,,,,,,
Tech/KisUSB>readPortData,"{subsubtestname=""Clear_Uart_Port""}",,,,,,,,"Clear UART"
,"+{dutPluginName=""Dut""}",,,,,,,,
,"+{Timeout=""200""}",,,,,,,,
,"+{record=""false""}",,,,,,,,
Tech/Common>parseWithRegexString,"{subsubtestname=""Read-SOCHOT_reset""}",,,,,,,,"SOCHOT1 READ2"
,"+{expect=""pmu: flt %(abbey%) 00:00:40""}",,,,,,,,
,"+{log_device=""uart""}",,,,,,,,
,"+{record=""false""}",,,,,,,,
