Function,Inputs,Outputs,Retry,RetryHandler,OnError,SubSubTest,Conditions,ReturnOnFail,Notes
Parameters,,MLB_Num,,,,,,,
,,slotNum,,,,,,,
,,SITE,,,,,,,
,,boardRev,,,,,,,
,,MEMORY_SIZE,,,,,,,
Tech/DUTCmd>sendCmdAndParse,"{subsubtestname=""Send-Disable_UART_CMD""}",,,,,,,,"disable uart"
,"+{dutPluginName=""Kis_dut""}",,,,,,,,
,"+{channelPluginName=""Kis_channelPlugin""}",,,,,,,,
,"+{Commands=""consolesinkctrl --sink uart --dis""}",,,,,,,,
,"+{Timeout=""10""}",,,,,,,,
,"+{record=""false""}",,,,,,,,
Tech/Fixture>sendFixtureCommand,"{subsubtestname=""Disconnect-Debug_UART""}",,,,,,,,"disconnect to UART_TX"
,"+{Commands=""relay_switch""}",,,,,,,,
,"+{args=""UART_TX;disconnect""}",,,,,,,,
,"+{slotNum=slotNum}",,,,,,,,
,"+{record=""false""}",,,,,,,,
Tech/Fixture>sendFixtureCommand,"{subsubtestname=""Set-VBUS_OCP-3A5""}",,,,,,,,"set VBUS OCP to 3.5A"
,"+{Commands=""relay_switch""}",,,,,,,,
,"+{args=""VBUS_OCP_3A5;SET""}",,,,,,,,
,"+{slotNum=slotNum}",,,,,,,,
,"+{record=""false""}",,,,,,,,
Tech/Fixture>sendFixtureCommand,"{subsubtestname=""Set-VBATT_OCP-6A""}",,,,,,,,"Set VBATT OCP to 6A"
,"+{Commands=""relay_switch""}",,,,,,,,
,"+{args=""VBATT_OCP_6A;SET""}",,,,,,,,
,"+{slotNum=slotNum}",,,,,,,,
,"+{record=""true""}",,,,,,,,
Tech/DUTCmd>sendCmdAndParse,"{subsubtestname=""Read-BOARD_ID""}",BOARD_ID,,,,,,,boardid command
,"+{dutPluginName=""Kis_dut""}",boardid_resp,,,,,,,
,"+{channelPluginName=""Kis_channelPlugin""}",,,,,,,,
,"+{attribute=""Board_ID_DFU""}",,,,,,,,
,"+{pattern=""Board Id: (0x[0-9A-Fa-f]+)""}",,,,,,,,
,"+{Timeout=""5""}",,,,,,,,
,"+{Commands=""boardid command""}",,,,,,,,
,"+{record=""false""}",,,,,,,,
Tech/DUTInfo>CheckMLBType,"{subsubtestname=""BOARD_ID_SET""}",mlb_type,,,,,,,"J720 MLB_B = 0x0E,J717 MLB_B = 0x0A"
,"+{mlb_a=""Board ID: 0x8;Board ID: 0x10""}",,,,,,,,
,"+{mlb_b=""Board ID: 0x0E;Board ID: 0x0A""}",,,,,,,,
,"+{record=""false""}",,,,,,,,
Tech/Common>parseWithRegexString,"{subsubtestname=""Read-Storage_Device_Number""}",HAS_TWO_STORAGE_DEVICE,,,,,,,"check there is one NAND or 2 NAND"
,"+{pattern=""number of storage devices 2""}",,,,,,,,
,"+{log_device=""kis_usb""}",,,,,,,,
,"+{record=""false""}",,,,,,,,
Tech/DUTCmd>sendCmdAndParse,"{subsubtestname=""Send-Chip_CMD""}",chipid_resp,,,,,,,"Read Chip ID"
,"+{dutPluginName=""Kis_dut""}",,,,,,,,
,"+{channelPluginName=""Kis_channelPlugin""}",,,,,,,,
,"+{Timeout=""3""}",,,,,,,,
,"+{Commands=""chipid""}",,,,,,,,
,"+{record=""false""}",,,,,,,,
Tech/Common>parseWithRegexString,"{subsubtestname=""Read-Chip_ID""}",Chip_ID,,,,,,,"Read SOC CHIP ID DFU"
,"+{attribute=""SOC_CHIP_ID_DFU""}",,,,,,,,
,"+{pattern=""Chip%s*ID:%s*(%w+)%s*Version: ""}",,,,,,,,
,"+{Input=chipid_resp}",,,,,,,,
,"+{record=""false""}",,,,,,,,
Tech/Common>parseWithRegexString,"{subsubtestname=""Read-Chip_Ver""}",Chip_Ver,,,,,,,"Read Chip Ver"
,"+{attribute=""SOC_CHIP_VERSION_DFU""}",,,,,,,,
,"+{pattern=""Version:%s*([0-9a-zA-Z.]+)""}",,,,,,,,
,"+{Input=chipid_resp}",,,,,,,,
,"+{record=""false""}",,,,,,,,
Tech/Common>parseWithRegexString,"{subsubtestname=""Read-DIE_ID""}",DIE_ID,,,,,,,"Read DIE ID"
,"+{attribute=""SOC_DIE_ID_DFU""}",,,,,,,,
,"+{pattern=""Die%s*ID:%s*([0-9A-Z:]+)""}",,,,,,,,
,"+{Input=chipid_resp}",,,,,,,,
,"+{record=""false""}",,,,,,,,
Tech/Common>parseWithRegexString,"{subsubtestname=""Read-FUSE_ID""}",FUSE_ID,,,,,,,"Read FUSE_ID"
,"+{attribute=""SOC_FUSE_ID_DFU""}",,,,,,,,
,"+{pattern=""Fuse%s*ID:%s*([0-9A-Z:]+)""}",,,,,,,,
,"+{Input=chipid_resp}",,,,,,,,
,"+{record=""false""}",,,,,,,,
Tech/Common>parseWithRegexString,"{subsubtestname=""Read-SOC_ECID""}",ECID,,,,,,,"Read ECID"
,"+{attribute=""SOC_ECID""}",,,,,,,,
,"+{pattern=""ECID%s*:%s*(0x[0-9A-F]+)""}",,,,,,,,
,"+{Input=chipid_resp}",,,,,,,,
,"+{record=""false""}",,,,,,,,
Tech/Common>uploadAttributeToSFC,"{subsubtestname=""Upload-SOC_ECID""}",,,,,,,,"Upload ECID to SFC"
,"+{BoardRev=boardRev}",,,,,,,,
,"+{MLB_Num=MLB_Num}",,,,,,,,
,"+{sfc_value=ECID}",,,,,,,,
,"+{sfc_key=""ecid""}",,,,,,,,
,"+{ADD_Type=""ADD_ATTR""}",,,,,,,,
,"+{sfc_path=""/vault/data_collection/test_station_config/gh_station_info.json""}",,,,,,,,
,"+{record=""false""}",,,,,,,,
Tech/DUTCmd>sendCmdAndParse,"{subsubtestname=""Read-SOC_Binning-Revision""}",binning_revision,,,,,,,"print SoC information,Change to binary system,capture bit 11 to 16,rdar://111669068"
,"+{dutPluginName=""Kis_dut""}",soc_p_resp,,,,,,,
,"+{channelPluginName=""Kis_channelPlugin""}",,,,,,,,
,"+{attribute=""SOC_Binning-Revision""}",,,,,,,,
,"+{pattern=""binning%-revision:%s*(%d+)""}",,,,,,,,
,"+{Timeout=""5""}",,,,,,,,
,"+{Commands=""soc -p""}",,,,,,,,
,"+{record=""false""}",,,,,,,,
Tech/Common>parseWithRegexString,"{subsubtestname=""Read-Chip_Revision""}",,,,,,,,"config SOC_Chip_Revision"
,"+{attribute=""SOC_CHIP_REVISION""}",,,,,,,,
,"+{pattern=""revision: ([0-9A-Z]+)""}",,,,,,,,
,"+{Input=soc_p_resp}",,,,,,,,
,"+{record=""false""}",,,,,,,,
Tech/Common>parseWithRegexString,"{subsubtestname=""Read-Fuse_Revision""}",fuse_rev,,,,,,,"config Fuse_Revision"
,"+{attribute=""SOC_FUSE_REVISION""}",,,,,,,,
,"+{pattern=""fuse%-rev: ([0-9A-Z]+)""}",,,,,,,,
,"+{Input=soc_p_resp}",,,,,,,,
,"+{record=""false""}",,,,,,,,
Tech/Common>parseWithRegexString,"{subsubtestname=""Read-Production_Mode""}",production_mode,,,,,,,"Read production mode"
,"+{attribute=""SOC_PRODUCTION""}",,,,,,,,
,"+{pattern=""production%-mode:%s*([0-9]+)""}",,,,,,,,
,"+{Input=soc_p_resp}",,,,,,,,
,"+{record=""false""}",,,,,,,,
Tech/Common>getSFCQuery,"{subsubtestname=""Read-Production_Mode_SFC""}",Production_Mode_SFC,,,,,SITE=="FXCD",,"get Production Mode for SFC"
,"+{sfc_key=""soc_fusing""}",,,,,,,,
,"+{MLB_Num=MLB_Num}",,,,,,,,
,"+{record=""false""}",,,,,,,,
Tech/Compare>CompareInfo,"{subsubtestname=""Compare-Production_Mode""}",,,,,,SITE == "FXCD",,"Compare Production_Mode with local and SFC"
,"+{firstVaule=production_mode}",,,,,,,,
,"+{sencondVaule=Production_Mode_SFC}",,,,,,,,
,"+{record=""false""}",,,,,,,,
Tech/Common>parseWithRegexString,"{subsubtestname=""Read-DRAM_Vendor""}",,,,,,,,"read memory vendor"
,"+{attribute=""DRAM_Vendor""}",,,,,,,,
,"+{pattern=""dram%-memory%-vendor:%s+([a-zA-Z]+)%s+""}",,,,,,,,
,"+{log_device=""kis_usb""}",,,,,,,,
,"+{record=""false""}",,,,,,,,
Tech/DUTCmd>sendCmdAndParse,"{subsubtestname=""Send-ACC0_Harvest_Mem_CMD""}",acc0,,,,,,,"check which PCPU core is enable,rdar://111719032"
,"+{dutPluginName=""Kis_dut""}",,,,,,,,
,"+{channelPluginName=""Kis_channelPlugin""}",,,,,,,,
,"+{Commands=""memrw --32 0x3882c8014""}",,,,,,,,
,"+{pattern=""0x3882C8014:%s+(0x[0-9A-Za_-z-.]+)""}",,,,,,,,
,"+{Timeout=""10""}",,,,,,,,
,"+{record=""false""}",,,,,,,,
Tech/Parser>parseNumberWithIndex,"{subsubtestname=""Read-ACC0_PCPU0_Harvest""}",,,,,,,,"Change to binary system,capture bit8"
,"+{dutPluginName=""Kis_dut""}",,,,,,,,
,"+{channelPluginName=""Kis_channelPlugin""}",,,,,,,,
,"+{Input=acc0}",,,,,,,,
,"+{Index=""8""}",,,,,,,,
,"+{record=""false""}",,,,,,,,
Tech/Parser>parseNumberWithIndex,"{subsubtestname=""Read-ACC0_PCPU1_Harvest""}",,,,,,,,"Change to binary system,capture bit9"
,"+{dutPluginName=""Kis_dut""}",,,,,,,,
,"+{channelPluginName=""Kis_channelPlugin""}",,,,,,,,
,"+{Input=acc0}",,,,,,,,
,"+{Index=""9""}",,,,,,,,
,"+{record=""false""}",,,,,,,,
Tech/Parser>parseNumberWithIndex,"{subsubtestname=""Read-ACC0_PCPU2_Harvest""}",,,,,,,,"Change to binary system,capture bit10"
,"+{dutPluginName=""Kis_dut""}",,,,,,,,
,"+{channelPluginName=""Kis_channelPlugin""}",,,,,,,,
,"+{Input=acc0}",,,,,,,,
,"+{Index=""10""}",,,,,,,,
,"+{record=""false""}",,,,,,,,
Tech/Parser>parseNumberWithIndex,"{subsubtestname=""Read-ACC0_PCPU3_Harvest""}",,,,,,,,"Change to binary system,capture bit11"
,"+{dutPluginName=""Kis_dut""}",,,,,,,,
,"+{channelPluginName=""Kis_channelPlugin""}",,,,,,,,
,"+{Input=acc0}",,,,,,,,
,"+{Index=""11""}",,,,,,,,
,"+{record=""false""}",,,,,,,,
Tech/Parser>parseNumberWithIndex,"{subsubtestname=""Read-ACC0_All_Harvest""}",acc0_harvest,,,,,,,"combine 8~11,8~11 and 16~19 only have 1x core is 1, other must be 0"
,"+{dutPluginName=""Kis_dut""}",,,,,,,,
,"+{channelPluginName=""Kis_channelPlugin""}",,,,,,,,
,"+{Input=acc0}",,,,,,,,
,"+{Index=""8""}",,,,,,,,
,"+{endIndex=""11""}",,,,,,,,
,"+{record=""false""}",,,,,,,,
Tech/DUTCmd>sendCmdAndParse,"{subsubtestname=""Send-ACC1_Harvest_Mem_CMD""}",acc1,,,,,,,"check which PCPU core is enable,rdar://111719032"
,"+{dutPluginName=""Kis_dut""}",,,,,,,,
,"+{channelPluginName=""Kis_channelPlugin""}",,,,,,,,
,"+{Commands=""memrw --32 0x3882BC254""}",,,,,,,,
,"+{pattern=""0x3882BC254:%s+(0x[0-9A-Za_-z-.]+)""}",,,,,,,,
,"+{Timeout=""10""}",,,,,,,,
,"+{record=""false""}",,,,,,,,
Tech/Parser>parseNumberWithIndex,"{subsubtestname=""Read-ACC0_PCPU0_Harvest""}",,,,,,,,"Change to binary system,capture bit16"
,"+{dutPluginName=""Kis_dut""}",,,,,,,,
,"+{channelPluginName=""Kis_channelPlugin""}",,,,,,,,
,"+{Input=acc1}",,,,,,,,
,"+{Index=""16""}",,,,,,,,
,"+{record=""false""}",,,,,,,,
Tech/Parser>parseNumberWithIndex,"{subsubtestname=""Read-ACC1_PCPU1_Harvest""}",,,,,,,,"Change to binary system,capture bit17"
,"+{dutPluginName=""Kis_dut""}",,,,,,,,
,"+{channelPluginName=""Kis_channelPlugin""}",,,,,,,,
,"+{Input=acc1}",,,,,,,,
,"+{Index=""17""}",,,,,,,,
,"+{record=""false""}",,,,,,,,
Tech/Parser>parseNumberWithIndex,"{subsubtestname=""Read-ACC1_PCPU2_Harvest""}",,,,,,,,"Change to binary system,capture bit18"
,"+{dutPluginName=""Kis_dut""}",,,,,,,,
,"+{channelPluginName=""Kis_channelPlugin""}",,,,,,,,
,"+{Input=acc1}",,,,,,,,
,"+{Index=""18""}",,,,,,,,
,"+{record=""false""}",,,,,,,,
Tech/Parser>parseNumberWithIndex,"{subsubtestname=""Read-ACC1_PCPU3_Harvest""}",,,,,,,,"Change to binary system,capture bit19"
,"+{dutPluginName=""Kis_dut""}",,,,,,,,
,"+{channelPluginName=""Kis_channelPlugin""}",,,,,,,,
,"+{Input=acc1}",,,,,,,,
,"+{Index=""19""}",,,,,,,,
,"+{record=""false""}",,,,,,,,
Tech/Parser>parseNumberWithIndex,"{subsubtestname=""Read-ACC1_All_Harvest""}",acc1_harvest,,,,,,,"combine 8~11,8~11 and 16~19 only have 1x core is 1, other must be 0"
,"+{dutPluginName=""Kis_dut""}",,,,,,,,
,"+{channelPluginName=""Kis_channelPlugin""}",,,,,,,,
,"+{Input=acc0}",,,,,,,,
,"+{Index=""16""}",,,,,,,,
,"+{endIndex=""19""}",,,,,,,,
,"+{record=""false""}",,,,,,,,
Tech/Parser>compareValueWithOpreation,"{subsubtestname=""Compare-ACC_Harvest""}",,,,,,,,"combine acc0 and acc1 with 'or' function, only have 1x core is 1, other must be 0"
,"+{opreationType=""ACC""}",,,,,,,,
,"+{value1=acc0_harvest}",,,,,,,,
,"+{value2=acc1_harvest}",,,,,,,,
,"+{value3=MEMORY_SIZE}",,,,,,,,
,"+{record=""false""}",,,,,,,,
Tech/DUTCmd>sendCmdAndParse,"{subsubtestname=""Send-DISP_Harvest_Mem_CMD""}",disp,,,,,,,"check which PCPU core is enable,rdar://111719032"
,"+{dutPluginName=""Kis_dut""}",,,,,,,,
,"+{channelPluginName=""Kis_channelPlugin""}",,,,,,,,
,"+{Commands=""memrw --32 0x3882BC308""}",,,,,,,,
,"+{pattern=""0x3882BC308:%s+(0x[0-9A-Za_-z-.]+)""}",,,,,,,,
,"+{Timeout=""10""}",,,,,,,,
,"+{record=""false""}",,,,,,,,
Tech/Parser>parseNumberWithIndex,"{subsubtestname=""Read-EXT_DISP0_Harvest""}",disp0_harvest,,,,,,,"Change to binary system,capture bit30"
,"+{dutPluginName=""Kis_dut""}",,,,,,,,
,"+{channelPluginName=""Kis_channelPlugin""}",,,,,,,,
,"+{Input=disp}",,,,,,,,
,"+{Index=""30""}",,,,,,,,
,"+{record=""false""}",,,,,,,,
Tech/Parser>parseNumberWithIndex,"{subsubtestname=""Read-EXT_DISP1_Harvest""}",disp1_harvest,,,,,,,"Change to binary system,capture bit31"
,"+{dutPluginName=""Kis_dut""}",,,,,,,,
,"+{channelPluginName=""Kis_channelPlugin""}",,,,,,,,
,"+{Input=disp}",,,,,,,,
,"+{Index=""31""}",,,,,,,,
,"+{record=""false""}",,,,,,,,
Tech/Parser>compareValueWithOpreation,"{subsubtestname=""Compare-DISP_Harvest""}",,,,,,,,"only one DISP core is 1,another one must be 0"
,"+{opreationType=""DISP""}",,,,,,,,
,"+{value1=disp0_harvest}",,,,,,,,
,"+{value2=disp1_harvest}",,,,,,,,
,"+{record=""false""}",,,,,,,,
Tech/DUTCmd>sendCmdAndParse,"{subsubtestname=""Send-ATC_Harvest_Mem_CMD""}",atc,,,,,,,"check which PCPU core is enable,rdar://111719032"
,"+{dutPluginName=""Kis_dut""}",,,,,,,,
,"+{channelPluginName=""Kis_channelPlugin""}",,,,,,,,
,"+{Commands=""memrw --32 0x3882BC310""}",,,,,,,,
,"+{pattern=""0x3882BC310:%s+(0x[0-9A-Za_-z-.]+)""}",,,,,,,,
,"+{Timeout=""10""}",,,,,,,,
,"+{record=""false""}",,,,,,,,
Tech/Parser>parseNumberWithIndex,"{subsubtestname=""Read-ATC0_Harvest""}",atc0_harvest,,,,,,,"Change to binary system,capture bit7~11"
,"+{dutPluginName=""Kis_dut""}",,,,,,,,
,"+{channelPluginName=""Kis_channelPlugin""}",,,,,,,,
,"+{Input=atc}",,,,,,,,
,"+{Index=""7""}",,,,,,,,
,"+{endIndex=""11""}",,,,,,,,
,"+{record=""false""}",,,,,,,,
Tech/Parser>parseNumberWithIndex,"{subsubtestname=""Read-ATC1_Harvest""}",atc1_harvest,,,,,,,"Change to binary system,capture bit12~16"
,"+{dutPluginName=""Kis_dut""}",,,,,,,,
,"+{channelPluginName=""Kis_channelPlugin""}",,,,,,,,
,"+{Input=atc}",,,,,,,,
,"+{Index=""12""}",,,,,,,,
,"+{endIndex=""16""}",,,,,,,,
,"+{record=""false""}",,,,,,,,
Tech/Parser>parseNumberWithIndex,"{subsubtestname=""Read-ATC2_Harvest""}",atc2_harvest,,,,,,,"Change to binary system,capture bit17~21"
,"+{dutPluginName=""Kis_dut""}",,,,,,,,
,"+{channelPluginName=""Kis_channelPlugin""}",,,,,,,,
,"+{Input=atc}",,,,,,,,
,"+{Index=""17""}",,,,,,,,
,"+{endIndex=""21""}",,,,,,,,
,"+{record=""false""}",,,,,,,,
Tech/Parser>parseNumberWithIndex,"{subsubtestname=""Read-ATC3_Harvest""}",atc3_harvest,,,,,,,"Change to binary system,capture bit22~26"
,"+{dutPluginName=""Kis_dut""}",,,,,,,,
,"+{channelPluginName=""Kis_channelPlugin""}",,,,,,,,
,"+{Input=atc}",,,,,,,,
,"+{Index=""22""}",,,,,,,,
,"+{endIndex=""26""}",,,,,,,,
,"+{record=""false""}",,,,,,,,
Tech/Parser>compareValueWithOpreation,"{subsubtestname=""Compare-ATC_Harvest""}",,,,,,,,"have 3x ATC core is 11111,another one must be 00000"
,"+{opreationType=""ATC""}",,,,,,,,
,"+{value1=atc0_harvest}",,,,,,,,
,"+{value2=atc1_harvest}",,,,,,,,
,"+{value3=atc2_harvest}",,,,,,,,
,"+{value4=atc3_harvest}",,,,,,,,
,"+{record=""false""}",,,,,,,,
Returns,BOARD_ID,,,,,,,,
,mlb_type,,,,,,,,
,HAS_TWO_STORAGE_DEVICE,,,,,,,,
,Chip_ID,,,,,,,,
,Chip_Ver,,,,,,,,
,DIE_ID,,,,,,,,
,FUSE_ID,,,,,,,,
,ECID,,,,,,,,
,binning_revision,,,,,,,,
,soc_p_resp,,,,,,,,
,fuse_rev,,,,,,,,
,production_mode,,,,,,,,