Function,Inputs,Outputs,Retry,RetryHandler,OnError,SubSubTest,Conditions,ReturnOnFail,Notes
Parameters,,BOARD_ID,,,,,,,
,,MEMORY_SIZE,,,,,,,
,,MLB_Num,,,,,,,
,,sfc_url,,,,,,,
,,SbinKey,,,,,,,
,,bin_fuse,,,,,,,
,,fuse_rev,,,,,,,
Tech/DUTCmd>sendCmdAndParse,"{subsubtestname=""Read-UID""}",nanduid_resp,,,,,,,"reading the NANDUID"
,"+{dutPluginName=""Kis_dut""}",,,,,,,,
,"+{channelPluginName=""Kis_channelPlugin""}",,,,,,,,
,"+{Timeout=""3""}",,,,,,,,
,"+{Commands=""nanduid""}",,,,,,,,
,"+{record=""false""}",,,,,,,,
Tech/Parser>parseInfo,"{subsubtestname=""Read-Parse_MSP""}",NAND_Total_Controller_Count,,,,,,,"Parse and create MSP_[i]_CH_[i]_Die_[i] records"
,"+{Name=""NAND_UID_""}",,,,,,,,
,"+{Input=nanduid_resp}",,,,,,,,
,"+{bit=""25;3""}",,,,,,,,
,"+{attributeControllerName=""NAND_Total_Controller_Count""}",,,,,,,,
,"+{attributeDieName=""NAND_Total_Die_Count""}",,,,,,,,
,"+{pattern=""MSP %d+ CH %d+ Die %d+:%s[0-9A-F ]+""}",,,,,,,,
,"+{attributePattern=""MSP%s(%d*)""}",,,,,,,,
,"+{record=""false""}",,,,,,,,
Tech/DUTCmd>sendCmdAndParse,"{subsubtestname=""Read-NAND_CSID""}",csid_result,,,,,,,"read NAND csid"
,"+{dutPluginName=""Kis_dut""}",nandcsid_resp,,,,,,,
,"+{channelPluginName=""Kis_channelPlugin""}",,,,,,,,
,"+{pattern=""NANDID %= ([0-9A-Za-z]+);""}",,,,,,,,
,"+{expect=""match""}",,,,,,,,
,"+{Timeout=""10""}",,,,,,,,
,"+{Commands=""nandcsid""}",,,,,,,,
,"+{record=""false""}",,,,,,,,
Tech/Parser>parseInfo,"{subsubtestname=""Read-FCE_Parse""}",,,,,,,,"Parse and create FCE[i] records"
,"+{Name=""NAND_""}",,,,,,,,
,"+{Input=nandcsid_resp}",,,,,,,,
,"+{isFCEKey=""YES""}",,,,,,,,
,"+{bit=""9;4""}",,,,,,,,
,"+{pattern=""(FCE%d = 0x%w*)""}",,,,,,,,
,"+{record=""false""}",,,,,,,,
Tech/Common>parseWithRegexString,"{subsubtestname=""Read-NAND_ID""}",,,,,,,,"Read NAND Id"
,"+{pattern=""FCE0%s*=%s*([0-9A-Za-z]+)""}",,,,,,,,
,"+{attribute=""NAND_ID""}",,,,,,,,
,"+{Input=nandcsid_resp}",,,,,,,,
,"+{record=""false""}",,,,,,,,
Tech/Common>parseWithRegexString,"{subsubtestname=""Read-NAND_CS""}",,,,,,,,"Read NAND CS"
,"+{pattern=""NANDCS%s*%=%s*([0-9A-Za-z=]+)""}",,,,,,,,
,"+{attribute=""NAND_CS""}",,,,,,,,
,"+{Input=nandcsid_resp}",,,,,,,,
,"+{record=""false""}",,,,,,,,
Tech/DUTCmd>sendCmdAndParse,"{subsubtestname=""Read-NAND_Vendor""}",nand_vendor,,,,,,,"Read NAND Vendor"
,"+{pattern=""Vendor:%s+([A-Za-z]+)""}",NANDInfoTool_resp,,,,,,,
,"+{dutPluginName=""Kis_dut""}",,,,,,,,
,"+{channelPluginName=""Kis_channelPlugin""}",,,,,,,,
,"+{attribute=""NAND_VENDOR""}",,,,,,,,
,"+{Timeout=""10""}",,,,,,,,
,"+{Commands=""NANDInfoTool""}",,,,,,,,
,"+{record=""false""}",,,,,,,,
Tech/Common>parseWithRegexString,"{subsubtestname=""Read-NAND_Capacity""}",,,,,,,,"Read NAND Capacity"
,"+{pattern=""Capacity:%s+([0-9]+GB)""}",,,,,,,,
,"+{attribute=""NAND_CAPACITY""}",,,,,,,,
,"+{Input=NANDInfoTool_resp}",,,,,,,,
,"+{record=""false""}",,,,,,,,
Tech/Common>parseWithRegexString,"{subsubtestname=""Read-NAND_Die_Name""}",,,,,,,,"Read NAND Die Name"
,"+{pattern=""Die Name:%s+([0-9A-Za-z_]+)""}",,,,,,,,
,"+{attribute=""NAND_Die_Name""}",,,,,,,,
,"+{Input=NANDInfoTool_resp}",,,,,,,,
,"+{record=""false""}",,,,,,,,
Tech/Common>parseWithRegexString,"{subsubtestname=""Read-NAND_Controller_UID""}",,,,,,,,"parse NAND Controller UID"
,"+{pattern=""Controller UID:%s+([0-9A-Za-z]+)""}",,,,,,,,
,"+{attribute=""NAND_Controller_UID""}",,,,,,,,
,"+{Input=NANDInfoTool_resp}",,,,,,,,
,"+{record=""true""}",,,,,,,,
Tech/Common>parseWithRegexString,"{subsubtestname=""Read-Chip_ID""}",NAND_Chip_ID,,,,,,,"Read NAND Chip ID"
,"+{pattern=""Chip ID:%s+([0-9A-Za-z]+)""}",,,,,,,,
,"+{attribute=""NAND_Chip_ID""}",,,,,,,,
,"+{Input=NANDInfoTool_resp}",,,,,,,,
,"+{record=""false""}",,,,,,,,
Tech/Common>parseWithRegexString,"{subsubtestname=""Read-NAND_Cell_Type""}",,,,,,,,"Read NAND Cell Type"
,"+{pattern=""Cell Type:%s+([A-Za-z]+)""}",,,,,,,,
,"+{attribute=""NAND_Cell_Type""}",,,,,,,,
,"+{Input=NANDInfoTool_resp}",,,,,,,,
,"+{record=""false""}",,,,,,,,
Tech/DUTCmd>sendCmdAndParse,"{subsubtestname=""Read-NAND_Model_Number""}",nand_model_number,,,,,,,"Read NAND Model Number"
,"+{pattern=""Model number%s+: ([0-9A-Za-z]+)""}",nandgetidentify_resp,,,,,,,
,"+{dutPluginName=""Kis_dut""}",,,,,,,,
,"+{channelPluginName=""Kis_channelPlugin""}",,,,,,,,
,"+{attribute=""NAND_Model_Number""}",,,,,,,,
,"+{Timeout=""10""}",,,,,,,,
,"+{Commands=""nand --get Identify""}",,,,,,,,
,"+{record=""false""}",,,,,,,,
Tech/Common>parseWithRegexString,"{subsubtestname=""Read-NAND_FW_Revision""}",,,,,,,,"Read NAND FW Revision"
,"+{pattern=""Firmware version%s+: ([0-9.]+)""}",,,,,,,,
,"+{attribute=""NAND_FW_Revision""}",,,,,,,,
,"+{Input=nandgetidentify_resp}",,,,,,,,
,"+{record=""false""}",,,,,,,,
Tech/Common>parseWithRegexString,"{subsubtestname=""Read-NAND_MSP_Revision""}",,,,,,,,"Read NAND MSP Revision"
,"+{pattern=""MSP revision%s+: ([0-9%.]+)""}",,,,,,,,
,"+{attribute=""NAND_MSP_Revision""}",,,,,,,,
,"+{Input=nandgetidentify_resp}",,,,,,,,
,"+{record=""false""}",,,,,,,,
Tech/DUTCmd>sendCmdAndParse,"{subsubtestname=""Send-NAND_SIZE_RUN_CMD""}",nandsize_resp,,,,,,,"Send NAND SIZE CMD"
,"+{dutPluginName=""Kis_dut""}",,,,,,,,
,"+{channelPluginName=""Kis_channelPlugin""}",,,,,,,,
,"+{Timeout=""5""}",,,,,,,,
,"+{Commands=""nandsize""}",,,,,,,,
,"+{record=""false""}",,,,,,,,
Tech/DUTInfo>getStorageSize,"{subsubtestname=""Read-NAND_Size""}",NAND_SIZE,,,,,,,"Read NAND_SIZE=value*1024/1e9"
,"+{pattern=""NAND SIZE :(0x[0-9A-Za-z]+)""}",,,,,,,,
,"+{attribute=""NAND_SIZE""}",,,,,,,,
,"+{scale=""0""}",,,,,,,,
,"+{formula=""(1000000000/2^10)""}",,,,,,,,
,"+{logFile=""kis_usb.log""}",,,,,,,,
,"+{Input=nandsize_resp}",,,,,,,,
,"+{calmode=""/""}",,,,,,,,
,"+{InnerCall=""YES""}",,,,,,,,
,"+{record=""false""}",,,,,,,,
Tech/Compare>versionCompare,"{subsubtestname=""Compare-EEEE_CODE""}",,,,,,,,"Compare EEEE CODE diag and local"
,"+{comparekey=""EEEE_CODE""}",,,,,,,,
,"+{compareFunc=""eeeecodeCompare""}",,,,,,,,
,"+{Input=""kis_usb.log""}",,,,,,,,
,"+{pattern="".*,ASSY,%u%u(%u)""}",,,,,,,,
,"+{sfc_url=sfc_url}",,,,,,,,
,"+{MLB_Num=MLB_Num}",,,,,,,,
,"+{BOARD_ID=BOARD_ID}",,,,,,,,
,"+{MEMORY_SIZE=MEMORY_SIZE}",,,,,,,,
,"+{record=""false""}",,,,,,,,
Tech/DUTCmd>sendCmdAndParse,"{subsubtestname=""Send-ACC0_Harvest_Mem_CMD""}",acc0,,,,,,,"check which PCPU core is enable,rdar://111719032"
,"+{dutPluginName=""Kis_dut""}",,,,,,,,
,"+{channelPluginName=""Kis_channelPlugin""}",,,,,,,,
,"+{Commands=""memrw --32 0x3882c8014""}",,,,,,,,
,"+{pattern=""0x3882C8014:%s+(0x[0-9A-Za_-z-.]+)""}",,,,,,,,
,"+{Timeout=""10""}",,,,,,,,
,"+{record=""false""}",,,,,,,,
Tech/Parser>parseNumberWithIndex,"{subsubtestname=""Read-ACC0_All_Harvest""}",acc0_harvest,,,,,,,"combine 8~11,8~11 and 16~19 only have 1x core is 1, other must be 0"
,"+{dutPluginName=""Kis_dut""}",,,,,,,,
,"+{channelPluginName=""Kis_channelPlugin""}",,,,,,,,
,"+{Input=acc0}",,,,,,,,
,"+{Index=""8""}",,,,,,,,
,"+{endIndex=""11""}",,,,,,,,
,"+{record=""false""}",,,,,,,,
Tech/DUTCmd>sendCmdAndParse,"{subsubtestname=""Send-ACC1_Harvest_Mem_CMD""}",acc1,,,,,,,"check which PCPU core is enable,rdar://111719032"
,"+{dutPluginName=""Kis_dut""}",,,,,,,,
,"+{channelPluginName=""Kis_channelPlugin""}",,,,,,,,
,"+{Commands=""memrw --32 0x3882BC254""}",,,,,,,,
,"+{pattern=""0x3882BC254:%s+(0x[0-9A-Za_-z-.]+)""}",,,,,,,,
,"+{Timeout=""10""}",,,,,,,,
,"+{record=""false""}",,,,,,,,
Tech/Parser>parseNumberWithIndex,"{subsubtestname=""Read-ACC1_All_Harvest""}",acc1_harvest,,,,,,,"combine 8~11,8~11 and 16~19 only have 1x core is 1, other must be 0"
,"+{dutPluginName=""Kis_dut""}",,,,,,,,
,"+{channelPluginName=""Kis_channelPlugin""}",,,,,,,,
,"+{Input=acc0}",,,,,,,,
,"+{Index=""16""}",,,,,,,,
,"+{endIndex=""19""}",,,,,,,,
,"+{record=""false""}",,,,,,,,
Tech/Sbin>getPcore,"{subsubtestname=""Read-Pcore""}",Pcore,,,,,,,"combine 8~11,8~11 and 16~19 only have 1x core is 1, other must be 0"
,"+{attribute=""PCore""}",,,,,,,,
,"+{acc0Value=acc0_harvest}",,,,,,,,
,"+{acc1Value=acc1_harvest}",,,,,,,,
,"+{record=""false""}",,,,,,,,
Tech/Common>parseWithRegexString,"{subsubtestname=""Get-Pcore_status""}",Pcore_status,,,,,,,"Read NAND MSP Revision"
,"+{isCombine=""YES""}",,,,,,,,
,"+{attribute=""NAND_MSP_Revision""}",,,,,,,,
,"+{endString=""P""}",,,,,,,,
,"+{Input=Pcore}",,,,,,,,
,"+{record=""false""}",,,,,,,,
Tech/SBin>compareBinFuseConfig,"{subsubtestname=""Compare-Bin_Fuse_read-Bin_Fuse_Set""}",,,,,,,,"Follow rdar://118964388"
,"+{binFuseConfigFiles=""/Users/gdlocal/Library/Atlas2/Assets/BinFuseConfig/BinFuseConfig.csv""}",,,,,,,,
,"+{SbinKey=SbinKey}",,,,,,,,
,"+{bin_fuse=bin_fuse}",,,,,,,,
,"+{fuse_rev=fuse_rev}",,,,,,,,
,"+{MEMORY_SIZE=MEMORY_SIZE}",,,,,,,,
,"+{Pcore_status=Pcore_status}",,,,,,,,
,"+{NAND_SIZE=NAND_SIZE}",,,,,,,,
,"+{record=""false""}",,,,,,,,
Returns,NAND_Total_Controller_Count,,,,,,,,
,NAND_Chip_ID,,,,,,,,